{
    "rmse": 0.8035924643401646,
    "mae": 0.6549626871057108,
    "r2": 0.005565584224371367
}